Building Code,Room Name,Room URL
53,53D,http://apps.uclan.ac.uk/MvCRoomTimetable/53/53D
AB,AB012,http://apps.uclan.ac.uk/MvCRoomTimetable/AB/AB012
AB,AB025,http://apps.uclan.ac.uk/MvCRoomTimetable/AB/AB025
AB,AB026,http://apps.uclan.ac.uk/MvCRoomTimetable/AB/AB026
AB,AB104,http://apps.uclan.ac.uk/MvCRoomTimetable/AB/AB104
AB,AB106,http://apps.uclan.ac.uk/MvCRoomTimetable/AB/AB106
AB,AB114,http://apps.uclan.ac.uk/MvCRoomTimetable/AB/AB114
AB,AB128,http://apps.uclan.ac.uk/MvCRoomTimetable/AB/AB128
AB,AB212,http://apps.uclan.ac.uk/MvCRoomTimetable/AB/AB212
AB,AB226,http://apps.uclan.ac.uk/MvCRoomTimetable/AB/AB226
AB,AB235,http://apps.uclan.ac.uk/MvCRoomTimetable/AB/AB235
AB,AB236,http://apps.uclan.ac.uk/MvCRoomTimetable/AB/AB236
AB,ABFOY,http://apps.uclan.ac.uk/MvCRoomTimetable/AB/ABFOY
AB,ABLT1,http://apps.uclan.ac.uk/MvCRoomTimetable/AB/ABLT1
AB,ABLT2,http://apps.uclan.ac.uk/MvCRoomTimetable/AB/ABLT2
AB,ABLT3,http://apps.uclan.ac.uk/MvCRoomTimetable/AB/ABLT3
AB,ABLT4,http://apps.uclan.ac.uk/MvCRoomTimetable/AB/ABLT4
AB,ABLT5,http://apps.uclan.ac.uk/MvCRoomTimetable/AB/ABLT5
AL,AL001,http://apps.uclan.ac.uk/MvCRoomTimetable/AL/AL001
AL,AL004,http://apps.uclan.ac.uk/MvCRoomTimetable/AL/AL004
AL,AL010,http://apps.uclan.ac.uk/MvCRoomTimetable/AL/AL010
AL,AL012,http://apps.uclan.ac.uk/MvCRoomTimetable/AL/AL012
AL,AL013,http://apps.uclan.ac.uk/MvCRoomTimetable/AL/AL013
AL,AL104,http://apps.uclan.ac.uk/MvCRoomTimetable/AL/AL104
AL,AL108,http://apps.uclan.ac.uk/MvCRoomTimetable/AL/AL108
AL,AL110,http://apps.uclan.ac.uk/MvCRoomTimetable/AL/AL110
AL,AL201,http://apps.uclan.ac.uk/MvCRoomTimetable/AL/AL201
AL,AL203,http://apps.uclan.ac.uk/MvCRoomTimetable/AL/AL203
AL,AL205,http://apps.uclan.ac.uk/MvCRoomTimetable/AL/AL205
AL,AL207,http://apps.uclan.ac.uk/MvCRoomTimetable/AL/AL207
BB,BB007,http://apps.uclan.ac.uk/MvCRoomTimetable/BB/BB007
BB,BB008,http://apps.uclan.ac.uk/MvCRoomTimetable/BB/BB008
BB,BB009,http://apps.uclan.ac.uk/MvCRoomTimetable/BB/BB009
BB,BB013,http://apps.uclan.ac.uk/MvCRoomTimetable/BB/BB013
BB,BB015,http://apps.uclan.ac.uk/MvCRoomTimetable/BB/BB015
BB,BB016,http://apps.uclan.ac.uk/MvCRoomTimetable/BB/BB016
BB,BB018,http://apps.uclan.ac.uk/MvCRoomTimetable/BB/BB018
BB,BB019,http://apps.uclan.ac.uk/MvCRoomTimetable/BB/BB019
BB,BB029,http://apps.uclan.ac.uk/MvCRoomTimetable/BB/BB029
BB,BB032,http://apps.uclan.ac.uk/MvCRoomTimetable/BB/BB032
BB,BB034,http://apps.uclan.ac.uk/MvCRoomTimetable/BB/BB034
BB,BB105,http://apps.uclan.ac.uk/MvCRoomTimetable/BB/BB105
BB,BB107,http://apps.uclan.ac.uk/MvCRoomTimetable/BB/BB107
BB,BB111,http://apps.uclan.ac.uk/MvCRoomTimetable/BB/BB111
BB,BB115,http://apps.uclan.ac.uk/MvCRoomTimetable/BB/BB115
BB,BB137,http://apps.uclan.ac.uk/MvCRoomTimetable/BB/BB137
BB,BB138,http://apps.uclan.ac.uk/MvCRoomTimetable/BB/BB138
BB,BB139,http://apps.uclan.ac.uk/MvCRoomTimetable/BB/BB139
BB,BB140,http://apps.uclan.ac.uk/MvCRoomTimetable/BB/BB140
BB,BB142,http://apps.uclan.ac.uk/MvCRoomTimetable/BB/BB142
BB,BB213,http://apps.uclan.ac.uk/MvCRoomTimetable/BB/BB213
BB,BB240,http://apps.uclan.ac.uk/MvCRoomTimetable/BB/BB240
BB,BB245,http://apps.uclan.ac.uk/MvCRoomTimetable/BB/BB245
BB,BB245a,http://apps.uclan.ac.uk/MvCRoomTimetable/BB/BB245a
BB,BB312,http://apps.uclan.ac.uk/MvCRoomTimetable/BB/BB312
BB,BB353,http://apps.uclan.ac.uk/MvCRoomTimetable/BB/BB353
BB,BB355,http://apps.uclan.ac.uk/MvCRoomTimetable/BB/BB355
BB,BB355a,http://apps.uclan.ac.uk/MvCRoomTimetable/BB/BB355a
BB,BB438,http://apps.uclan.ac.uk/MvCRoomTimetable/BB/BB438
BB,BB447,http://apps.uclan.ac.uk/MvCRoomTimetable/BB/BB447
CM,CM006,http://apps.uclan.ac.uk/MvCRoomTimetable/CM/CM006
CM,CM011,http://apps.uclan.ac.uk/MvCRoomTimetable/CM/CM011
CM,CM016,http://apps.uclan.ac.uk/MvCRoomTimetable/CM/CM016
CM,CM017,http://apps.uclan.ac.uk/MvCRoomTimetable/CM/CM017
CM,CM018,http://apps.uclan.ac.uk/MvCRoomTimetable/CM/CM018
CM,CM019,http://apps.uclan.ac.uk/MvCRoomTimetable/CM/CM019
CM,CM025,http://apps.uclan.ac.uk/MvCRoomTimetable/CM/CM025
CM,CM026,http://apps.uclan.ac.uk/MvCRoomTimetable/CM/CM026
CM,CM033,http://apps.uclan.ac.uk/MvCRoomTimetable/CM/CM033
CM,CM034,http://apps.uclan.ac.uk/MvCRoomTimetable/CM/CM034
CM,CM101,http://apps.uclan.ac.uk/MvCRoomTimetable/CM/CM101
CM,CM117,http://apps.uclan.ac.uk/MvCRoomTimetable/CM/CM117
CM,CM119,http://apps.uclan.ac.uk/MvCRoomTimetable/CM/CM119
CM,CM120,http://apps.uclan.ac.uk/MvCRoomTimetable/CM/CM120
CM,CM125,http://apps.uclan.ac.uk/MvCRoomTimetable/CM/CM125
CM,CM129,http://apps.uclan.ac.uk/MvCRoomTimetable/CM/CM129
CM,CM130,http://apps.uclan.ac.uk/MvCRoomTimetable/CM/CM130
CM,CM142,http://apps.uclan.ac.uk/MvCRoomTimetable/CM/CM142
CM,CM143,http://apps.uclan.ac.uk/MvCRoomTimetable/CM/CM143
CM,CM144,http://apps.uclan.ac.uk/MvCRoomTimetable/CM/CM144
CM,CM148,http://apps.uclan.ac.uk/MvCRoomTimetable/CM/CM148
CM,CM210,http://apps.uclan.ac.uk/MvCRoomTimetable/CM/CM210
CM,CM234,http://apps.uclan.ac.uk/MvCRoomTimetable/CM/CM234
DB,DB017,http://apps.uclan.ac.uk/MvCRoomTimetable/DB/DB017
DB,DB017b,http://apps.uclan.ac.uk/MvCRoomTimetable/DB/DB017b
DB,DB018,http://apps.uclan.ac.uk/MvCRoomTimetable/DB/DB018
DB,DB026,http://apps.uclan.ac.uk/MvCRoomTimetable/DB/DB026
DB,DB028,http://apps.uclan.ac.uk/MvCRoomTimetable/DB/DB028
DB,DB131,http://apps.uclan.ac.uk/MvCRoomTimetable/DB/DB131
DB,DB234,http://apps.uclan.ac.uk/MvCRoomTimetable/DB/DB234
DB,DB236,http://apps.uclan.ac.uk/MvCRoomTimetable/DB/DB236
DB,DB237,http://apps.uclan.ac.uk/MvCRoomTimetable/DB/DB237
DB,DB238,http://apps.uclan.ac.uk/MvCRoomTimetable/DB/DB238
DB,DB239,http://apps.uclan.ac.uk/MvCRoomTimetable/DB/DB239
DB,DB240,http://apps.uclan.ac.uk/MvCRoomTimetable/DB/DB240
DB,DB241,http://apps.uclan.ac.uk/MvCRoomTimetable/DB/DB241
DB,DB242,http://apps.uclan.ac.uk/MvCRoomTimetable/DB/DB242
DB,DB243,http://apps.uclan.ac.uk/MvCRoomTimetable/DB/DB243
DB,DB244,http://apps.uclan.ac.uk/MvCRoomTimetable/DB/DB244
DB,DB245,http://apps.uclan.ac.uk/MvCRoomTimetable/DB/DB245
DB,DB246,http://apps.uclan.ac.uk/MvCRoomTimetable/DB/DB246
DB,DB247,http://apps.uclan.ac.uk/MvCRoomTimetable/DB/DB247
DB,DB252,http://apps.uclan.ac.uk/MvCRoomTimetable/DB/DB252
DB,DB254,http://apps.uclan.ac.uk/MvCRoomTimetable/DB/DB254
DB,DB325,http://apps.uclan.ac.uk/MvCRoomTimetable/DB/DB325
DB,DBFOY,http://apps.uclan.ac.uk/MvCRoomTimetable/DB/DBFOY
DB,DBLT,http://apps.uclan.ac.uk/MvCRoomTimetable/DB/DBLT
EB,EB004,http://apps.uclan.ac.uk/MvCRoomTimetable/EB/EB004
EB,EB004a,http://apps.uclan.ac.uk/MvCRoomTimetable/EB/EB004a
EB,EB008,http://apps.uclan.ac.uk/MvCRoomTimetable/EB/EB008
EIC,EIC001,http://apps.uclan.ac.uk/MvCRoomTimetable/EIC/EIC001
EIC,EIC010,http://apps.uclan.ac.uk/MvCRoomTimetable/EIC/EIC010
EIC,EIC012,http://apps.uclan.ac.uk/MvCRoomTimetable/EIC/EIC012
EIC,EIC013,http://apps.uclan.ac.uk/MvCRoomTimetable/EIC/EIC013
EIC,EIC111,http://apps.uclan.ac.uk/MvCRoomTimetable/EIC/EIC111
EIC,EIC112,http://apps.uclan.ac.uk/MvCRoomTimetable/EIC/EIC112
EIC,EIC113,http://apps.uclan.ac.uk/MvCRoomTimetable/EIC/EIC113
EIC,EIC201,http://apps.uclan.ac.uk/MvCRoomTimetable/EIC/EIC201
EIC,EIC211,http://apps.uclan.ac.uk/MvCRoomTimetable/EIC/EIC211
EIC,EIC216,http://apps.uclan.ac.uk/MvCRoomTimetable/EIC/EIC216
EIC,EIC217,http://apps.uclan.ac.uk/MvCRoomTimetable/EIC/EIC217
EIC,EIC301,http://apps.uclan.ac.uk/MvCRoomTimetable/EIC/EIC301
EIC,EIC313,http://apps.uclan.ac.uk/MvCRoomTimetable/EIC/EIC313
EIC,EIC315,http://apps.uclan.ac.uk/MvCRoomTimetable/EIC/EIC315
EIC,EIC317,http://apps.uclan.ac.uk/MvCRoomTimetable/EIC/EIC317
EIC,EIC401,http://apps.uclan.ac.uk/MvCRoomTimetable/EIC/EIC401
EIC,EIC402,http://apps.uclan.ac.uk/MvCRoomTimetable/EIC/EIC402
EIC,EIC405,http://apps.uclan.ac.uk/MvCRoomTimetable/EIC/EIC405
EIC,EICLG07,http://apps.uclan.ac.uk/MvCRoomTimetable/EIC/EICLG07
EIC,EICLG14,http://apps.uclan.ac.uk/MvCRoomTimetable/EIC/EICLG14
EIC,EICLG19,http://apps.uclan.ac.uk/MvCRoomTimetable/EIC/EICLG19
FB,FB068,http://apps.uclan.ac.uk/MvCRoomTimetable/FB/FB068
FB,FBB17,http://apps.uclan.ac.uk/MvCRoomTimetable/FB/FBB17
FB,FBFOY,http://apps.uclan.ac.uk/MvCRoomTimetable/FB/FBFOY
FB,FBFOY1,http://apps.uclan.ac.uk/MvCRoomTimetable/FB/FBFOY1
FB,FBLT1,http://apps.uclan.ac.uk/MvCRoomTimetable/FB/FBLT1
FB,FBLT2,http://apps.uclan.ac.uk/MvCRoomTimetable/FB/FBLT2
FB,FBLT3,http://apps.uclan.ac.uk/MvCRoomTimetable/FB/FBLT3
FB,FBLT4,http://apps.uclan.ac.uk/MvCRoomTimetable/FB/FBLT4
FB,FBLTFOY,http://apps.uclan.ac.uk/MvCRoomTimetable/FB/FBLTFOY
FB,FBM01,http://apps.uclan.ac.uk/MvCRoomTimetable/FB/FBM01
FB,FBSS,http://apps.uclan.ac.uk/MvCRoomTimetable/FB/FBSS
GR,GR001,http://apps.uclan.ac.uk/MvCRoomTimetable/GR/GR001
GR,GR069,http://apps.uclan.ac.uk/MvCRoomTimetable/GR/GR069
GR,GR070,http://apps.uclan.ac.uk/MvCRoomTimetable/GR/GR070
GR,GR071,http://apps.uclan.ac.uk/MvCRoomTimetable/GR/GR071
GR,GR075,http://apps.uclan.ac.uk/MvCRoomTimetable/GR/GR075
GR,GR076,http://apps.uclan.ac.uk/MvCRoomTimetable/GR/GR076
GR,GR077,http://apps.uclan.ac.uk/MvCRoomTimetable/GR/GR077
GR,GR078,http://apps.uclan.ac.uk/MvCRoomTimetable/GR/GR078
GR,GR079,http://apps.uclan.ac.uk/MvCRoomTimetable/GR/GR079
GR,GR080,http://apps.uclan.ac.uk/MvCRoomTimetable/GR/GR080
GR,GR081,http://apps.uclan.ac.uk/MvCRoomTimetable/GR/GR081
GR,GR102B,http://apps.uclan.ac.uk/MvCRoomTimetable/GR/GR102B
GR,GR109,http://apps.uclan.ac.uk/MvCRoomTimetable/GR/GR109
GR,GR111,http://apps.uclan.ac.uk/MvCRoomTimetable/GR/GR111
GR,GR115,http://apps.uclan.ac.uk/MvCRoomTimetable/GR/GR115
GR,GR117,http://apps.uclan.ac.uk/MvCRoomTimetable/GR/GR117
GR,GR119a,http://apps.uclan.ac.uk/MvCRoomTimetable/GR/GR119a
GR,GR123,http://apps.uclan.ac.uk/MvCRoomTimetable/GR/GR123
GR,GR170,http://apps.uclan.ac.uk/MvCRoomTimetable/GR/GR170
GR,GR171,http://apps.uclan.ac.uk/MvCRoomTimetable/GR/GR171
GR,GR171A,http://apps.uclan.ac.uk/MvCRoomTimetable/GR/GR171A
GR,GR174,http://apps.uclan.ac.uk/MvCRoomTimetable/GR/GR174
GR,GR174a,http://apps.uclan.ac.uk/MvCRoomTimetable/GR/GR174a
GR,GR174b,http://apps.uclan.ac.uk/MvCRoomTimetable/GR/GR174b
GR,GR175,http://apps.uclan.ac.uk/MvCRoomTimetable/GR/GR175
GR,GR177,http://apps.uclan.ac.uk/MvCRoomTimetable/GR/GR177
GR,GR179,http://apps.uclan.ac.uk/MvCRoomTimetable/GR/GR179
GR,GR181,http://apps.uclan.ac.uk/MvCRoomTimetable/GR/GR181
GR,GR182,http://apps.uclan.ac.uk/MvCRoomTimetable/GR/GR182
GR,GR202,http://apps.uclan.ac.uk/MvCRoomTimetable/GR/GR202
GR,GR203,http://apps.uclan.ac.uk/MvCRoomTimetable/GR/GR203
GR,GR204,http://apps.uclan.ac.uk/MvCRoomTimetable/GR/GR204
GR,GR218,http://apps.uclan.ac.uk/MvCRoomTimetable/GR/GR218
GR,GR268,http://apps.uclan.ac.uk/MvCRoomTimetable/GR/GR268
GR,GR269,http://apps.uclan.ac.uk/MvCRoomTimetable/GR/GR269
GR,GR270,http://apps.uclan.ac.uk/MvCRoomTimetable/GR/GR270
GR,GR274,http://apps.uclan.ac.uk/MvCRoomTimetable/GR/GR274
GR,GR275,http://apps.uclan.ac.uk/MvCRoomTimetable/GR/GR275
GR,GR276,http://apps.uclan.ac.uk/MvCRoomTimetable/GR/GR276
GR,GR277,http://apps.uclan.ac.uk/MvCRoomTimetable/GR/GR277
GR,GR278,http://apps.uclan.ac.uk/MvCRoomTimetable/GR/GR278
GR,GR279,http://apps.uclan.ac.uk/MvCRoomTimetable/GR/GR279
GR,GR347,http://apps.uclan.ac.uk/MvCRoomTimetable/GR/GR347
GR,GR348,http://apps.uclan.ac.uk/MvCRoomTimetable/GR/GR348
GR,GR348a,http://apps.uclan.ac.uk/MvCRoomTimetable/GR/GR348a
GR,GR349,http://apps.uclan.ac.uk/MvCRoomTimetable/GR/GR349
GR,GR350,http://apps.uclan.ac.uk/MvCRoomTimetable/GR/GR350
GR,GR354,http://apps.uclan.ac.uk/MvCRoomTimetable/GR/GR354
GR,GR355,http://apps.uclan.ac.uk/MvCRoomTimetable/GR/GR355
GR,GR356,http://apps.uclan.ac.uk/MvCRoomTimetable/GR/GR356
GR,GR357,http://apps.uclan.ac.uk/MvCRoomTimetable/GR/GR357
GR,GR358,http://apps.uclan.ac.uk/MvCRoomTimetable/GR/GR358
GR,GR359,http://apps.uclan.ac.uk/MvCRoomTimetable/GR/GR359
GR,GRFOY,http://apps.uclan.ac.uk/MvCRoomTimetable/GR/GRFOY
GR,GRLT,http://apps.uclan.ac.uk/MvCRoomTimetable/GR/GRLT
GR,#SPLUS1BBA40,http://apps.uclan.ac.uk/MvCRoomTimetable/GR/#SPLUS1BBA40
GR,GR109a,http://apps.uclan.ac.uk/MvCRoomTimetable/GR/GR109a
GR,GR109b,http://apps.uclan.ac.uk/MvCRoomTimetable/GR/GR109b
GR,GR119,http://apps.uclan.ac.uk/MvCRoomTimetable/GR/GR119
HR,HR002,http://apps.uclan.ac.uk/MvCRoomTimetable/HR/HR002
HR,HR004,http://apps.uclan.ac.uk/MvCRoomTimetable/HR/HR004
HR,HR010,http://apps.uclan.ac.uk/MvCRoomTimetable/HR/HR010
HR,HR014,http://apps.uclan.ac.uk/MvCRoomTimetable/HR/HR014
HR,HR017,http://apps.uclan.ac.uk/MvCRoomTimetable/HR/HR017
HR,HR021,http://apps.uclan.ac.uk/MvCRoomTimetable/HR/HR021
HR,HR022,http://apps.uclan.ac.uk/MvCRoomTimetable/HR/HR022
HR,HR023,http://apps.uclan.ac.uk/MvCRoomTimetable/HR/HR023
HR,HR103,http://apps.uclan.ac.uk/MvCRoomTimetable/HR/HR103
HR,HR104,http://apps.uclan.ac.uk/MvCRoomTimetable/HR/HR104
HR,HR105,http://apps.uclan.ac.uk/MvCRoomTimetable/HR/HR105
HR,HR108,http://apps.uclan.ac.uk/MvCRoomTimetable/HR/HR108
HR,HR205,http://apps.uclan.ac.uk/MvCRoomTimetable/HR/HR205
HR,HR211,http://apps.uclan.ac.uk/MvCRoomTimetable/HR/HR211
HA,HA031,http://apps.uclan.ac.uk/MvCRoomTimetable/HA/HA031
HA,HA104,http://apps.uclan.ac.uk/MvCRoomTimetable/HA/HA104
HA,HA108,http://apps.uclan.ac.uk/MvCRoomTimetable/HA/HA108
HA,HA113,http://apps.uclan.ac.uk/MvCRoomTimetable/HA/HA113
HA,HA127,http://apps.uclan.ac.uk/MvCRoomTimetable/HA/HA127
HA,HA129,http://apps.uclan.ac.uk/MvCRoomTimetable/HA/HA129
HA,HA135,http://apps.uclan.ac.uk/MvCRoomTimetable/HA/HA135
HA,HA138a,http://apps.uclan.ac.uk/MvCRoomTimetable/HA/HA138a
HA,HA140a,http://apps.uclan.ac.uk/MvCRoomTimetable/HA/HA140a
HA,HA142,http://apps.uclan.ac.uk/MvCRoomTimetable/HA/HA142
HA,HA142a,http://apps.uclan.ac.uk/MvCRoomTimetable/HA/HA142a
HA,HA201,http://apps.uclan.ac.uk/MvCRoomTimetable/HA/HA201
HA,HA214,http://apps.uclan.ac.uk/MvCRoomTimetable/HA/HA214
HA,HA223,http://apps.uclan.ac.uk/MvCRoomTimetable/HA/HA223
HA,HA228,http://apps.uclan.ac.uk/MvCRoomTimetable/HA/HA228
HA,HA245a,http://apps.uclan.ac.uk/MvCRoomTimetable/HA/HA245a
HA,HA250,http://apps.uclan.ac.uk/MvCRoomTimetable/HA/HA250
HA,HA254,http://apps.uclan.ac.uk/MvCRoomTimetable/HA/HA254
HA,HA301,http://apps.uclan.ac.uk/MvCRoomTimetable/HA/HA301
HA,HA308,http://apps.uclan.ac.uk/MvCRoomTimetable/HA/HA308
HA,HA313,http://apps.uclan.ac.uk/MvCRoomTimetable/HA/HA313
HA,HA320,http://apps.uclan.ac.uk/MvCRoomTimetable/HA/HA320
HA,HA333,http://apps.uclan.ac.uk/MvCRoomTimetable/HA/HA333
HA,HA337,http://apps.uclan.ac.uk/MvCRoomTimetable/HA/HA337
HA,HA338,http://apps.uclan.ac.uk/MvCRoomTimetable/HA/HA338
HA,HA338a,http://apps.uclan.ac.uk/MvCRoomTimetable/HA/HA338a
HA,HA339,http://apps.uclan.ac.uk/MvCRoomTimetable/HA/HA339
HA,HA342,http://apps.uclan.ac.uk/MvCRoomTimetable/HA/HA342
HA,HA342b,http://apps.uclan.ac.uk/MvCRoomTimetable/HA/HA342b
HA,HA344,http://apps.uclan.ac.uk/MvCRoomTimetable/HA/HA344
HA,HA345,http://apps.uclan.ac.uk/MvCRoomTimetable/HA/HA345
HA,HAFOY,http://apps.uclan.ac.uk/MvCRoomTimetable/HA/HAFOY
HA,HALT,http://apps.uclan.ac.uk/MvCRoomTimetable/HA/HALT
HA,HASS,http://apps.uclan.ac.uk/MvCRoomTimetable/HA/HASS
HB,#SPLUS970261,http://apps.uclan.ac.uk/MvCRoomTimetable/HB/#SPLUS970261
HB,HB001,http://apps.uclan.ac.uk/MvCRoomTimetable/HB/HB001
HB,HB014,http://apps.uclan.ac.uk/MvCRoomTimetable/HB/HB014
HB,HB015A,http://apps.uclan.ac.uk/MvCRoomTimetable/HB/HB015A
HB,HB015B,http://apps.uclan.ac.uk/MvCRoomTimetable/HB/HB015B
HB,HB108,http://apps.uclan.ac.uk/MvCRoomTimetable/HB/HB108
HB,HB109,http://apps.uclan.ac.uk/MvCRoomTimetable/HB/HB109
HB,HB111,http://apps.uclan.ac.uk/MvCRoomTimetable/HB/HB111
HB,HB116,http://apps.uclan.ac.uk/MvCRoomTimetable/HB/HB116
HB,HB126,http://apps.uclan.ac.uk/MvCRoomTimetable/HB/HB126
HB,HB127,http://apps.uclan.ac.uk/MvCRoomTimetable/HB/HB127
HB,HB130,http://apps.uclan.ac.uk/MvCRoomTimetable/HB/HB130
HB,HB132a,http://apps.uclan.ac.uk/MvCRoomTimetable/HB/HB132a
HB,HB144A,http://apps.uclan.ac.uk/MvCRoomTimetable/HB/HB144A
HB,HB144C,http://apps.uclan.ac.uk/MvCRoomTimetable/HB/HB144C
HB,HB145,http://apps.uclan.ac.uk/MvCRoomTimetable/HB/HB145
HB,HB150,http://apps.uclan.ac.uk/MvCRoomTimetable/HB/HB150
HB,HB155,http://apps.uclan.ac.uk/MvCRoomTimetable/HB/HB155
HB,HB158,http://apps.uclan.ac.uk/MvCRoomTimetable/HB/HB158
HB,HB159,http://apps.uclan.ac.uk/MvCRoomTimetable/HB/HB159
HB,HB201,http://apps.uclan.ac.uk/MvCRoomTimetable/HB/HB201
HB,HB207,http://apps.uclan.ac.uk/MvCRoomTimetable/HB/HB207
HB,HB208,http://apps.uclan.ac.uk/MvCRoomTimetable/HB/HB208
HB,HB219,http://apps.uclan.ac.uk/MvCRoomTimetable/HB/HB219
HB,HB227,http://apps.uclan.ac.uk/MvCRoomTimetable/HB/HB227
HB,HB234,http://apps.uclan.ac.uk/MvCRoomTimetable/HB/HB234
HB,HB235,http://apps.uclan.ac.uk/MvCRoomTimetable/HB/HB235
HB,HB236,http://apps.uclan.ac.uk/MvCRoomTimetable/HB/HB236
HB,HB239,http://apps.uclan.ac.uk/MvCRoomTimetable/HB/HB239
HB,HB303,http://apps.uclan.ac.uk/MvCRoomTimetable/HB/HB303
HB,HB304,http://apps.uclan.ac.uk/MvCRoomTimetable/HB/HB304
HB,HB305,http://apps.uclan.ac.uk/MvCRoomTimetable/HB/HB305
HB,HB307,http://apps.uclan.ac.uk/MvCRoomTimetable/HB/HB307
HB,HB310,http://apps.uclan.ac.uk/MvCRoomTimetable/HB/HB310
HB,HB311,http://apps.uclan.ac.uk/MvCRoomTimetable/HB/HB311
HB,HB314,http://apps.uclan.ac.uk/MvCRoomTimetable/HB/HB314
HB,HB315,http://apps.uclan.ac.uk/MvCRoomTimetable/HB/HB315
KM,KM006,http://apps.uclan.ac.uk/MvCRoomTimetable/KM/KM006
KM,KM011,http://apps.uclan.ac.uk/MvCRoomTimetable/KM/KM011
KM,KM013,http://apps.uclan.ac.uk/MvCRoomTimetable/KM/KM013
KM,KM111,http://apps.uclan.ac.uk/MvCRoomTimetable/KM/KM111
KM,KMSET,http://apps.uclan.ac.uk/MvCRoomTimetable/KM/KMSET
LE,LE002,http://apps.uclan.ac.uk/MvCRoomTimetable/LE/LE002
LE,LE003,http://apps.uclan.ac.uk/MvCRoomTimetable/LE/LE003
LE,LE109,http://apps.uclan.ac.uk/MvCRoomTimetable/LE/LE109
LE,LE110,http://apps.uclan.ac.uk/MvCRoomTimetable/LE/LE110
LE,LE111,http://apps.uclan.ac.uk/MvCRoomTimetable/LE/LE111
LE,LE202,http://apps.uclan.ac.uk/MvCRoomTimetable/LE/LE202
LE,LE203,http://apps.uclan.ac.uk/MvCRoomTimetable/LE/LE203
LE,LE204,http://apps.uclan.ac.uk/MvCRoomTimetable/LE/LE204
LE,LE206,http://apps.uclan.ac.uk/MvCRoomTimetable/LE/LE206
LE,LE206A,http://apps.uclan.ac.uk/MvCRoomTimetable/LE/LE206A
LE,LE207,http://apps.uclan.ac.uk/MvCRoomTimetable/LE/LE207
LE,LE303,http://apps.uclan.ac.uk/MvCRoomTimetable/LE/LE303
LH,LH002,http://apps.uclan.ac.uk/MvCRoomTimetable/LH/LH002
LH,LH003,http://apps.uclan.ac.uk/MvCRoomTimetable/LH/LH003
LH,LH008,http://apps.uclan.ac.uk/MvCRoomTimetable/LH/LH008
LH,LH009,http://apps.uclan.ac.uk/MvCRoomTimetable/LH/LH009
LH,LH013,http://apps.uclan.ac.uk/MvCRoomTimetable/LH/LH013
LH,LH014,http://apps.uclan.ac.uk/MvCRoomTimetable/LH/LH014
LH,LH101,http://apps.uclan.ac.uk/MvCRoomTimetable/LH/LH101
LH,LH102,http://apps.uclan.ac.uk/MvCRoomTimetable/LH/LH102
LH,LH113,http://apps.uclan.ac.uk/MvCRoomTimetable/LH/LH113
LH,LH123,http://apps.uclan.ac.uk/MvCRoomTimetable/LH/LH123
LH,LH125,http://apps.uclan.ac.uk/MvCRoomTimetable/LH/LH125
LH,LH126,http://apps.uclan.ac.uk/MvCRoomTimetable/LH/LH126
LH,LH127,http://apps.uclan.ac.uk/MvCRoomTimetable/LH/LH127
LH,LH201,http://apps.uclan.ac.uk/MvCRoomTimetable/LH/LH201
LH,LH202,http://apps.uclan.ac.uk/MvCRoomTimetable/LH/LH202
LH,LH223,http://apps.uclan.ac.uk/MvCRoomTimetable/LH/LH223
LH,LH225,http://apps.uclan.ac.uk/MvCRoomTimetable/LH/LH225
LH,LH226,http://apps.uclan.ac.uk/MvCRoomTimetable/LH/LH226
LH,LH227,http://apps.uclan.ac.uk/MvCRoomTimetable/LH/LH227
LH,LH301,http://apps.uclan.ac.uk/MvCRoomTimetable/LH/LH301
LH,LH302,http://apps.uclan.ac.uk/MvCRoomTimetable/LH/LH302
LH,LH323,http://apps.uclan.ac.uk/MvCRoomTimetable/LH/LH323
LH,LH325,http://apps.uclan.ac.uk/MvCRoomTimetable/LH/LH325
LH,LH326,http://apps.uclan.ac.uk/MvCRoomTimetable/LH/LH326
MB,MB041,http://apps.uclan.ac.uk/MvCRoomTimetable/MB/MB041
MB,MB043,http://apps.uclan.ac.uk/MvCRoomTimetable/MB/MB043
MB,MB049,http://apps.uclan.ac.uk/MvCRoomTimetable/MB/MB049
MB,MB051,http://apps.uclan.ac.uk/MvCRoomTimetable/MB/MB051
MB,MB053,http://apps.uclan.ac.uk/MvCRoomTimetable/MB/MB053
MB,MB108,http://apps.uclan.ac.uk/MvCRoomTimetable/MB/MB108
MB,MB113,http://apps.uclan.ac.uk/MvCRoomTimetable/MB/MB113
MB,MB117,http://apps.uclan.ac.uk/MvCRoomTimetable/MB/MB117
MB,MB120,http://apps.uclan.ac.uk/MvCRoomTimetable/MB/MB120
MB,MB124,http://apps.uclan.ac.uk/MvCRoomTimetable/MB/MB124
MB,MB143,http://apps.uclan.ac.uk/MvCRoomTimetable/MB/MB143
MB,MB221,http://apps.uclan.ac.uk/MvCRoomTimetable/MB/MB221
MB,MB226,http://apps.uclan.ac.uk/MvCRoomTimetable/MB/MB226
MB,MB235,http://apps.uclan.ac.uk/MvCRoomTimetable/MB/MB235
MB,MB244,http://apps.uclan.ac.uk/MvCRoomTimetable/MB/MB244
MB,MB247,http://apps.uclan.ac.uk/MvCRoomTimetable/MB/MB247
MB,MB248,http://apps.uclan.ac.uk/MvCRoomTimetable/MB/MB248
MB,MB249,http://apps.uclan.ac.uk/MvCRoomTimetable/MB/MB249
MB,MB302,http://apps.uclan.ac.uk/MvCRoomTimetable/MB/MB302
MB,MB305,http://apps.uclan.ac.uk/MvCRoomTimetable/MB/MB305
MB,MB308,http://apps.uclan.ac.uk/MvCRoomTimetable/MB/MB308
MB,MB315,http://apps.uclan.ac.uk/MvCRoomTimetable/MB/MB315
MB,MB317,http://apps.uclan.ac.uk/MvCRoomTimetable/MB/MB317
MB,MB320,http://apps.uclan.ac.uk/MvCRoomTimetable/MB/MB320
MB,MB336,http://apps.uclan.ac.uk/MvCRoomTimetable/MB/MB336
MB,MB337,http://apps.uclan.ac.uk/MvCRoomTimetable/MB/MB337
MB,MB341,http://apps.uclan.ac.uk/MvCRoomTimetable/MB/MB341
MB,MBFOY,http://apps.uclan.ac.uk/MvCRoomTimetable/MB/MBFOY
ME,ME007,http://apps.uclan.ac.uk/MvCRoomTimetable/ME/ME007
ME,ME010,http://apps.uclan.ac.uk/MvCRoomTimetable/ME/ME010
ME,ME011,http://apps.uclan.ac.uk/MvCRoomTimetable/ME/ME011
ME,ME020,http://apps.uclan.ac.uk/MvCRoomTimetable/ME/ME020
ME,ME035,http://apps.uclan.ac.uk/MvCRoomTimetable/ME/ME035
ME,ME104,http://apps.uclan.ac.uk/MvCRoomTimetable/ME/ME104
ME,ME111,http://apps.uclan.ac.uk/MvCRoomTimetable/ME/ME111
ME,ME113,http://apps.uclan.ac.uk/MvCRoomTimetable/ME/ME113
ME,ME113a,http://apps.uclan.ac.uk/MvCRoomTimetable/ME/ME113a
ME,ME125,http://apps.uclan.ac.uk/MvCRoomTimetable/ME/ME125
ME,ME203,http://apps.uclan.ac.uk/MvCRoomTimetable/ME/ME203
ME,ME204,http://apps.uclan.ac.uk/MvCRoomTimetable/ME/ME204
ME,ME207,http://apps.uclan.ac.uk/MvCRoomTimetable/ME/ME207
ME,ME208,http://apps.uclan.ac.uk/MvCRoomTimetable/ME/ME208
ME,ME209,http://apps.uclan.ac.uk/MvCRoomTimetable/ME/ME209
ME,ME210,http://apps.uclan.ac.uk/MvCRoomTimetable/ME/ME210
ME,ME211,http://apps.uclan.ac.uk/MvCRoomTimetable/ME/ME211
ME,ME212,http://apps.uclan.ac.uk/MvCRoomTimetable/ME/ME212
ME,ME213,http://apps.uclan.ac.uk/MvCRoomTimetable/ME/ME213
ME,ME214,http://apps.uclan.ac.uk/MvCRoomTimetable/ME/ME214
ME,ME215,http://apps.uclan.ac.uk/MvCRoomTimetable/ME/ME215
ME,ME216,http://apps.uclan.ac.uk/MvCRoomTimetable/ME/ME216
ME,ME218,http://apps.uclan.ac.uk/MvCRoomTimetable/ME/ME218
ME,ME220,http://apps.uclan.ac.uk/MvCRoomTimetable/ME/ME220
ME,ME223,http://apps.uclan.ac.uk/MvCRoomTimetable/ME/ME223
ME,ME226,http://apps.uclan.ac.uk/MvCRoomTimetable/ME/ME226
ME,ME234,http://apps.uclan.ac.uk/MvCRoomTimetable/ME/ME234
ME,ME235,http://apps.uclan.ac.uk/MvCRoomTimetable/ME/ME235
ME,ME236,http://apps.uclan.ac.uk/MvCRoomTimetable/ME/ME236
ME,ME238,http://apps.uclan.ac.uk/MvCRoomTimetable/ME/ME238
ME,ME239,http://apps.uclan.ac.uk/MvCRoomTimetable/ME/ME239
ME,ME240,http://apps.uclan.ac.uk/MvCRoomTimetable/ME/ME240
ME,ME241,http://apps.uclan.ac.uk/MvCRoomTimetable/ME/ME241
ME,ME242,http://apps.uclan.ac.uk/MvCRoomTimetable/ME/ME242
ME,ME243,http://apps.uclan.ac.uk/MvCRoomTimetable/ME/ME243
ME,ME244,http://apps.uclan.ac.uk/MvCRoomTimetable/ME/ME244
ME,ME246,http://apps.uclan.ac.uk/MvCRoomTimetable/ME/ME246
ME,ME312,http://apps.uclan.ac.uk/MvCRoomTimetable/ME/ME312
ME,ME313,http://apps.uclan.ac.uk/MvCRoomTimetable/ME/ME313
ME,ME314,http://apps.uclan.ac.uk/MvCRoomTimetable/ME/ME314
ME,ME315,http://apps.uclan.ac.uk/MvCRoomTimetable/ME/ME315
ME,ME317,http://apps.uclan.ac.uk/MvCRoomTimetable/ME/ME317
ME,ME320,http://apps.uclan.ac.uk/MvCRoomTimetable/ME/ME320
ME,ME323,http://apps.uclan.ac.uk/MvCRoomTimetable/ME/ME323
ME,ME325,http://apps.uclan.ac.uk/MvCRoomTimetable/ME/ME325
ME,ME419,http://apps.uclan.ac.uk/MvCRoomTimetable/ME/ME419
ME,ME420,http://apps.uclan.ac.uk/MvCRoomTimetable/ME/ME420
ME,ME425,http://apps.uclan.ac.uk/MvCRoomTimetable/ME/ME425
ME,ME428,http://apps.uclan.ac.uk/MvCRoomTimetable/ME/ME428
STF,STFFS,http://apps.uclan.ac.uk/MvCRoomTimetable/STF/STFFS
STF,STFSH1,http://apps.uclan.ac.uk/MvCRoomTimetable/STF/STFSH1
STF,STFSH2,http://apps.uclan.ac.uk/MvCRoomTimetable/STF/STFSH2
STF,STFSQ,http://apps.uclan.ac.uk/MvCRoomTimetable/STF/STFSQ
STF,STFSTB,http://apps.uclan.ac.uk/MvCRoomTimetable/STF/STFSTB
STF,STFSTR,http://apps.uclan.ac.uk/MvCRoomTimetable/STF/STFSTR
SU,SU,http://apps.uclan.ac.uk/MvCRoomTimetable/SU/SU
SU,53D,http://apps.uclan.ac.uk/MvCRoomTimetable/SU/53D
VE,VE011,http://apps.uclan.ac.uk/MvCRoomTimetable/VE/VE011
VE,VE014,http://apps.uclan.ac.uk/MvCRoomTimetable/VE/VE014
VE,VE015,http://apps.uclan.ac.uk/MvCRoomTimetable/VE/VE015
VE,VE016,http://apps.uclan.ac.uk/MvCRoomTimetable/VE/VE016
VE,VE017,http://apps.uclan.ac.uk/MvCRoomTimetable/VE/VE017
VE,VE024,http://apps.uclan.ac.uk/MvCRoomTimetable/VE/VE024
VE,VE026,http://apps.uclan.ac.uk/MvCRoomTimetable/VE/VE026
VE,VE028,http://apps.uclan.ac.uk/MvCRoomTimetable/VE/VE028
VE,VE057,http://apps.uclan.ac.uk/MvCRoomTimetable/VE/VE057
VE,VE060a,http://apps.uclan.ac.uk/MvCRoomTimetable/VE/VE060a
VE,VE060b,http://apps.uclan.ac.uk/MvCRoomTimetable/VE/VE060b
VE,VE069,http://apps.uclan.ac.uk/MvCRoomTimetable/VE/VE069
VE,VE080,http://apps.uclan.ac.uk/MvCRoomTimetable/VE/VE080
VE,VELT,http://apps.uclan.ac.uk/MvCRoomTimetable/VE/VELT
VB,VB001,http://apps.uclan.ac.uk/MvCRoomTimetable/VB/VB001
VB,VB002,http://apps.uclan.ac.uk/MvCRoomTimetable/VB/VB002
VB,VB002A,http://apps.uclan.ac.uk/MvCRoomTimetable/VB/VB002A
VB,VB002B,http://apps.uclan.ac.uk/MvCRoomTimetable/VB/VB002B
VB,VB002C,http://apps.uclan.ac.uk/MvCRoomTimetable/VB/VB002C
VB,VB003A,http://apps.uclan.ac.uk/MvCRoomTimetable/VB/VB003A
VB,VB003B,http://apps.uclan.ac.uk/MvCRoomTimetable/VB/VB003B
VB,VB003C,http://apps.uclan.ac.uk/MvCRoomTimetable/VB/VB003C
VB,VB005,http://apps.uclan.ac.uk/MvCRoomTimetable/VB/VB005
VB,VB005b,http://apps.uclan.ac.uk/MvCRoomTimetable/VB/VB005b
VB,VB013,http://apps.uclan.ac.uk/MvCRoomTimetable/VB/VB013
VB,VB014,http://apps.uclan.ac.uk/MvCRoomTimetable/VB/VB014
VB,VB015,http://apps.uclan.ac.uk/MvCRoomTimetable/VB/VB015
VB,VB016,http://apps.uclan.ac.uk/MvCRoomTimetable/VB/VB016
VB,VB019a,http://apps.uclan.ac.uk/MvCRoomTimetable/VB/VB019a
VB,VB019b,http://apps.uclan.ac.uk/MvCRoomTimetable/VB/VB019b
VB,VB019c,http://apps.uclan.ac.uk/MvCRoomTimetable/VB/VB019c
VB,VB022,http://apps.uclan.ac.uk/MvCRoomTimetable/VB/VB022
VB,VB026,http://apps.uclan.ac.uk/MvCRoomTimetable/VB/VB026
VB,VB026a,http://apps.uclan.ac.uk/MvCRoomTimetable/VB/VB026a
VB,VB035,http://apps.uclan.ac.uk/MvCRoomTimetable/VB/VB035
VB,VB047,http://apps.uclan.ac.uk/MvCRoomTimetable/VB/VB047
VB,VB048,http://apps.uclan.ac.uk/MvCRoomTimetable/VB/VB048
VB,VB049,http://apps.uclan.ac.uk/MvCRoomTimetable/VB/VB049
VB,VB051,http://apps.uclan.ac.uk/MvCRoomTimetable/VB/VB051
VB,VB052,http://apps.uclan.ac.uk/MvCRoomTimetable/VB/VB052
VB,VB055,http://apps.uclan.ac.uk/MvCRoomTimetable/VB/VB055
VB,VB056,http://apps.uclan.ac.uk/MvCRoomTimetable/VB/VB056
VB,VB056a,http://apps.uclan.ac.uk/MvCRoomTimetable/VB/VB056a
VB,VB101,http://apps.uclan.ac.uk/MvCRoomTimetable/VB/VB101
VB,VB103,http://apps.uclan.ac.uk/MvCRoomTimetable/VB/VB103
VB,VB104,http://apps.uclan.ac.uk/MvCRoomTimetable/VB/VB104
VB,VB105,http://apps.uclan.ac.uk/MvCRoomTimetable/VB/VB105
VB,VB106,http://apps.uclan.ac.uk/MvCRoomTimetable/VB/VB106
VB,VB107,http://apps.uclan.ac.uk/MvCRoomTimetable/VB/VB107
VB,VB108,http://apps.uclan.ac.uk/MvCRoomTimetable/VB/VB108
VB,VB109,http://apps.uclan.ac.uk/MvCRoomTimetable/VB/VB109
VB,VB110,http://apps.uclan.ac.uk/MvCRoomTimetable/VB/VB110
VB,VB111,http://apps.uclan.ac.uk/MvCRoomTimetable/VB/VB111
VB,VB112,http://apps.uclan.ac.uk/MvCRoomTimetable/VB/VB112
VB,VB113,http://apps.uclan.ac.uk/MvCRoomTimetable/VB/VB113
VB,VB115,http://apps.uclan.ac.uk/MvCRoomTimetable/VB/VB115
VB,VB119,http://apps.uclan.ac.uk/MvCRoomTimetable/VB/VB119
VB,VB120,http://apps.uclan.ac.uk/MvCRoomTimetable/VB/VB120
VB,VB120a,http://apps.uclan.ac.uk/MvCRoomTimetable/VB/VB120a
VB,VB201,http://apps.uclan.ac.uk/MvCRoomTimetable/VB/VB201
VB,VB204,http://apps.uclan.ac.uk/MvCRoomTimetable/VB/VB204
VB,VB208,http://apps.uclan.ac.uk/MvCRoomTimetable/VB/VB208
VB,VB209,http://apps.uclan.ac.uk/MvCRoomTimetable/VB/VB209
VB,VB212,http://apps.uclan.ac.uk/MvCRoomTimetable/VB/VB212
VB,VB213,http://apps.uclan.ac.uk/MvCRoomTimetable/VB/VB213
VB,VB214,http://apps.uclan.ac.uk/MvCRoomTimetable/VB/VB214
VB,VB214A,http://apps.uclan.ac.uk/MvCRoomTimetable/VB/VB214A
VB,VB216,http://apps.uclan.ac.uk/MvCRoomTimetable/VB/VB216
VB,VB220,http://apps.uclan.ac.uk/MvCRoomTimetable/VB/VB220
VB,VB225,http://apps.uclan.ac.uk/MvCRoomTimetable/VB/VB225
VB,VB225A,http://apps.uclan.ac.uk/MvCRoomTimetable/VB/VB225A
VB,VB304,http://apps.uclan.ac.uk/MvCRoomTimetable/VB/VB304
VB,VB307,http://apps.uclan.ac.uk/MvCRoomTimetable/VB/VB307
VB,VB308,http://apps.uclan.ac.uk/MvCRoomTimetable/VB/VB308
VB,VB320,http://apps.uclan.ac.uk/MvCRoomTimetable/VB/VB320
VB,VB325,http://apps.uclan.ac.uk/MvCRoomTimetable/VB/VB325
VB,VB326,http://apps.uclan.ac.uk/MvCRoomTimetable/VB/VB326
VB,VB331,http://apps.uclan.ac.uk/MvCRoomTimetable/VB/VB331
VB,VB332,http://apps.uclan.ac.uk/MvCRoomTimetable/VB/VB332
VB,VB333,http://apps.uclan.ac.uk/MvCRoomTimetable/VB/VB333
VB,VB334,http://apps.uclan.ac.uk/MvCRoomTimetable/VB/VB334
VB,VB335,http://apps.uclan.ac.uk/MvCRoomTimetable/VB/VB335
VB,VB338,http://apps.uclan.ac.uk/MvCRoomTimetable/VB/VB338
VB,VB339,http://apps.uclan.ac.uk/MvCRoomTimetable/VB/VB339
WB,WB011,http://apps.uclan.ac.uk/MvCRoomTimetable/WB/WB011
WB,WB014,http://apps.uclan.ac.uk/MvCRoomTimetable/WB/WB014
WB,WB020,http://apps.uclan.ac.uk/MvCRoomTimetable/WB/WB020
WB,WB021,http://apps.uclan.ac.uk/MvCRoomTimetable/WB/WB021
33ES,14M001,http://apps.uclan.ac.uk/MvCRoomTimetable/33ES/14M001
33ES,33Es003,http://apps.uclan.ac.uk/MvCRoomTimetable/33ES/33Es003
33ES,33Es101,http://apps.uclan.ac.uk/MvCRoomTimetable/33ES/33Es101
